{"version":2,"count":5322990,"means":{"mins":[-6.091730756560566,-5.550218712945089,-6.103658124704959],"maxs":[6.201712501299817,4.862047859597883,5.804530593423783],"files":["means_l.webp","means_u.webp"]},"scales":{"codebook":[-17.46028709411621,-17.347522735595703,-17.263954162597656,-17.18222999572754,-17.104228973388672,-17.012537002563477,-16.946622848510742,-16.86150550842285,-16.741901397705078,-16.661252975463867,-16.58123779296875,-16.483572006225586,-16.40233612060547,-16.33172035217285,-16.22417640686035,-16.148372650146484,-16.061128616333008,-15.979070663452148,-15.886621475219727,-15.782989501953125,-15.691667556762695,-15.61365795135498,-15.5321044921875,-15.444480895996094,-15.345779418945312,-15.252131462097168,-15.168415069580078,-15.09145736694336,-15.010478973388672,-14.917537689208984,-14.827312469482422,-14.739599227905273,-14.651381492614746,-14.562657356262207,-14.479035377502441,-14.394359588623047,-14.309279441833496,-14.218246459960938,-14.131248474121094,-14.045340538024902,-13.956650733947754,-13.869159698486328,-13.781449317932129,-13.694417953491211,-13.608232498168945,-13.520820617675781,-13.434030532836914,-13.345209121704102,-13.256223678588867,-13.168598175048828,-13.081774711608887,-12.995110511779785,-12.907557487487793,-12.82025146484375,-12.733813285827637,-12.64577579498291,-12.558411598205566,-12.471158027648926,-12.383496284484863,-12.297469139099121,-12.21045970916748,-12.124351501464844,-12.037214279174805,-11.950514793395996,-11.863825798034668,-11.77554988861084,-11.687253952026367,-11.599395751953125,-11.511422157287598,-11.4251708984375,-11.338950157165527,-11.252482414245605,-11.165719985961914,-11.078729629516602,-10.990534782409668,-10.901934623718262,-10.814324378967285,-10.727056503295898,-10.6408052444458,-10.553645133972168,-10.466287612915039,-10.378728866577148,-10.290990829467773,-10.203371047973633,-10.116089820861816,-10.02898120880127,-9.94141960144043,-9.853769302368164,-9.766040802001953,-9.678184509277344,-9.590538024902344,-9.502394676208496,-9.414749145507812,-9.326913833618164,-9.239431381225586,-9.152763366699219,-9.06739330291748,-8.984081268310547,-8.904746055603027,-8.829593658447266,-8.758031845092773,-8.68736743927002,-8.616800308227539,-8.546311378479004,-8.478455543518066,-8.41505241394043,-8.355608940124512,-8.297074317932129,-8.235366821289062,-8.16753101348877,-8.092657089233398,-8.012075424194336,-7.92802095413208,-7.842173099517822,-7.756396770477295,-7.672684192657471,-7.592731475830078,-7.518409252166748,-7.450432300567627,-7.388689994812012,-7.330567836761475,-7.2735724449157715,-7.215028762817383,-7.154326915740967,-7.091292858123779,-7.025540351867676,-6.957283020019531,-6.887545108795166,-6.817434310913086,-6.747801303863525,-6.677231788635254,-6.603982925415039,-6.5273284912109375,-6.448546886444092,-6.370603561401367,-6.296995639801025,-6.229514122009277,-6.167385101318359,-6.10795783996582,-6.047199249267578,-5.981558799743652,-5.909451961517334,-5.83109712600708,-5.748385429382324,-5.662964344024658,-5.576489448547363,-5.490467071533203,-5.406020641326904,-5.324850559234619,-5.247797012329102,-5.174991130828857,-5.103865146636963,-5.031019687652588,-4.954371929168701,-4.873646259307861,-4.789859771728516,-4.704827308654785,-4.620786190032959,-4.539958953857422,-4.463854789733887,-4.391313552856445,-4.320286750793457,-4.24753999710083,-4.17195987701416,-4.0947675704956055,-4.018811225891113,-3.9456639289855957,-3.874302864074707,-3.8021724224090576,-3.726837158203125,-3.6469576358795166,-3.5631601810455322,-3.4775032997131348,-3.390620708465576,-3.303452730178833,-3.2160251140594482,-3.1284701824188232,-3.041175127029419,-2.9537534713745117,-2.8667428493499756,-2.7799630165100098,-2.692699670791626,-2.6056504249572754,-2.518566131591797,-2.431804895401001,-2.344978094100952,-2.2586452960968018,-2.174062490463257,-2.092203140258789,-2.0149033069610596,-1.9420639276504517,-1.8711426258087158,-1.7986937761306763,-1.7222368717193604,-1.6416603326797485,-1.5583295822143555,-1.4726892709732056,-1.3864576816558838,-1.299209475517273,-1.2112129926681519,-1.1238197088241577,-1.0365313291549683,-0.9495972990989685,-0.8633304238319397,-0.7772111296653748,-0.6908268928527832,-0.6032825708389282,-0.5163309574127197,-0.42860960960388184,-0.3396032452583313,-0.2517476975917816,-0.16615547239780426,-0.08071469515562057,0.0056440578773617744,0.09225866943597794,0.180035799741745,0.2676662802696228,0.3578895926475525,0.44731390476226807,0.5350135564804077,0.6206459999084473,0.7081829905509949,0.7912651896476746,0.8791302442550659,0.9635283350944519,1.0509902238845825,1.1363821029663086,1.2272064685821533,1.3147058486938477,1.4020298719406128,1.4938654899597168,1.5829099416732788,1.6705658435821533,1.7668176889419556,1.8499751091003418,1.946325659751892,2.042611837387085,2.1246988773345947,2.193815231323242,2.273416757583618,2.372180700302124,2.450206756591797,2.5314297676086426,2.6340832710266113,2.7550032138824463,2.8407301902770996,2.8932807445526123,2.9778635501861572,3.0986859798431396,3.1677474975585938,3.267387866973877,3.3408005237579346,3.423696517944336,3.8731131553649902,4.209401607513428,4.826272010803223],"files":["scales.webp"]},"quats":{"files":["quats.webp"]},